Patient Name ,Test name,
asd,hemoglobin,7.5,9.5,8.9,hemoglobin,9.0
asd,7.5,Test result,9.5,8.9,9.0
asd,hemoglobin,9.5,8.9,9.0
asd,hemoglobin,7.5,8.9,9.5,9.0
asd,7.5,hemoglobin,7.5,9.5,8.9,9.0
asd,hemoglobin,9.5,8.9,9.0
asd,hemoglobin,7.5,8.9,9.5,9.0
asd,7.5,hemoglobin,7.5,9.5,2212500
erf,opoi,9.5,8.9,9.0
asd,hemoglobin,7.5,8.9,9.5,9.0
asd,7.5,hemoglobin,7.5,9.5,8.9,9.0
asd,hemoglobin,9.5,8.9,9.0
asd,hemoglobin,7.5,8.9,9.5,9.0
asd,7.5,hemoglobin,7.5,9.5,8.9,9.0
asd,hemoglobin,9.5,8.9,9.0
asd,hemoglobin,7.5,8.9,9.5,9.0
asd,7.5,hemoglobin,7.5,9.5,8.9,9.0
asd,hemoglobin,9.5,8.9,9.0
asd,hemoglobin,7.5,8.9,9.5,9.0
asd,7.5,hemoglobin,7.5,9.5,8.9,9.0
asd,hemoglobin,9.5,8.9,9.0,,,,,,7.5,,
,,,,,,,,,,,,,,,,,,,,
